No,Loan_ID,Gender,Married,Dependents,Education,Self_Employed,ApplicantIncome,CoapplicantIncome,LoanAmount,Loan_Amount_Term,Credit_History,Property_Area,Loan_Status,Total_Income
0.0,LP001002,Male,No,0,Graduate,No,5849.0,0.0,,360.0,1.0,Urban,Y,"$5,849.00"
1.0,LP001003,Male,Yes,1,Graduate,No,4583.0,1508.0,128.0,360.0,1.0,Rural,N,"$6,091.00"
2.0,LP001005,Male,Yes,0,Graduate,Yes,3000.0,0.0,66.0,360.0,1.0,Urban,Y,"$3,000.00"
3.0,LP001006,Male,Yes,0,Not Graduate,No,2583.0,2358.0,120.0,360.0,1.0,Urban,Y,"$4,941.00"
4.0,LP001008,Male,No,0,Graduate,No,6000.0,0.0,141.0,360.0,1.0,Urban,Y,"$6,000.00"
5.0,LP001011,Male,Yes,2,Graduate,Yes,5417.0,4196.0,267.0,360.0,1.0,Urban,Y,"$9,613.00"
6.0,LP001013,Male,Yes,0,Not Graduate,No,2333.0,1516.0,95.0,360.0,1.0,Urban,Y,"$3,849.00"
7.0,LP001014,Male,Yes,3+,Graduate,No,3036.0,2504.0,158.0,360.0,0.0,Semiurban,N,"$5,540.00"
8.0,LP001018,Male,Yes,2,Graduate,No,4006.0,1526.0,168.0,360.0,1.0,Urban,Y,"$5,532.00"
9.0,LP001020,Male,Yes,1,Graduate,No,12841.0,10968.0,349.0,360.0,1.0,Semiurban,N,"$23,809.00"
10.0,LP001024,Male,Yes,2,Graduate,No,3200.0,700.0,70.0,360.0,1.0,Urban,Y,"$3,900.00"
11.0,LP001027,Male,Yes,2,Graduate,,2500.0,1840.0,109.0,360.0,1.0,Urban,Y,"$4,340.00"
12.0,LP001028,Male,Yes,2,Graduate,No,3073.0,8106.0,200.0,360.0,1.0,Urban,Y,"$11,179.00"
13.0,LP001029,Male,No,0,Graduate,No,1853.0,2840.0,114.0,360.0,1.0,Rural,N,"$4,693.00"
14.0,LP001030,Male,Yes,2,Graduate,No,1299.0,1086.0,17.0,120.0,1.0,Urban,Y,"$2,385.00"
15.0,LP001032,Male,No,0,Graduate,No,4950.0,0.0,125.0,360.0,1.0,Urban,Y,"$4,950.00"
16.0,LP001034,Male,No,1,Not Graduate,No,3596.0,0.0,100.0,240.0,,Urban,Y,"$3,596.00"
17.0,LP001036,Female,No,0,Graduate,No,3510.0,0.0,76.0,360.0,0.0,Urban,N,"$3,510.00"
18.0,LP001038,Male,Yes,0,Not Graduate,No,4887.0,0.0,133.0,360.0,1.0,Rural,N,"$4,887.00"
19.0,LP001041,Male,Yes,0,Graduate,,2600.0,3500.0,115.0,,1.0,Urban,Y,"$6,100.00"
20.0,LP001043,Male,Yes,0,Not Graduate,No,7660.0,0.0,104.0,360.0,0.0,Urban,N,"$7,660.00"
21.0,LP001046,Male,Yes,1,Graduate,No,5955.0,5625.0,315.0,360.0,1.0,Urban,Y,"$11,580.00"
22.0,LP001047,Male,Yes,0,Not Graduate,No,2600.0,1911.0,116.0,360.0,0.0,Semiurban,N,"$4,511.00"
23.0,LP001050,,Yes,2,Not Graduate,No,3365.0,1917.0,112.0,360.0,0.0,Rural,N,"$5,282.00"
24.0,LP001052,Male,Yes,1,Graduate,,3717.0,2925.0,151.0,360.0,,Semiurban,N,"$6,642.00"
25.0,LP001066,Male,Yes,0,Graduate,Yes,9560.0,0.0,191.0,360.0,1.0,Semiurban,Y,"$9,560.00"
26.0,LP001068,Male,Yes,0,Graduate,No,2799.0,2253.0,122.0,360.0,1.0,Semiurban,Y,"$5,052.00"
27.0,LP001073,Male,Yes,2,Not Graduate,No,4226.0,1040.0,110.0,360.0,1.0,Urban,Y,"$5,266.00"
28.0,LP001086,Male,No,0,Not Graduate,No,1442.0,0.0,35.0,360.0,1.0,Urban,N,"$1,442.00"
29.0,LP001087,Female,No,2,Graduate,,3750.0,2083.0,120.0,360.0,1.0,Semiurban,Y,"$5,833.00"
30.0,LP001091,Male,Yes,1,Graduate,,4166.0,3369.0,201.0,360.0,,Urban,N,"$7,535.00"
31.0,LP001095,Male,No,0,Graduate,No,3167.0,0.0,74.0,360.0,1.0,Urban,N,"$3,167.00"
32.0,LP001097,Male,No,1,Graduate,Yes,4692.0,0.0,106.0,360.0,1.0,Rural,N,"$4,692.00"
33.0,LP001098,Male,Yes,0,Graduate,No,3500.0,1667.0,114.0,360.0,1.0,Semiurban,Y,"$5,167.00"
34.0,LP001100,Male,No,3+,Graduate,No,12500.0,3000.0,320.0,360.0,1.0,Rural,N,"$15,500.00"
35.0,LP001106,Male,Yes,0,Graduate,No,2275.0,2067.0,,360.0,1.0,Urban,Y,"$4,342.00"
36.0,LP001109,Male,Yes,0,Graduate,No,1828.0,1330.0,100.0,,0.0,Urban,N,"$3,158.00"
37.0,LP001112,Female,Yes,0,Graduate,No,3667.0,1459.0,144.0,360.0,1.0,Semiurban,Y,"$5,126.00"
38.0,LP001114,Male,No,0,Graduate,No,4166.0,7210.0,184.0,360.0,1.0,Urban,Y,"$11,376.00"
39.0,LP001116,Male,No,0,Not Graduate,No,3748.0,1668.0,110.0,360.0,1.0,Semiurban,Y,"$5,416.00"
40.0,LP001119,Male,No,0,Graduate,No,3600.0,0.0,80.0,360.0,1.0,Urban,N,"$3,600.00"
41.0,LP001120,Male,No,0,Graduate,No,1800.0,1213.0,47.0,360.0,1.0,Urban,Y,"$3,013.00"
42.0,LP001123,Male,Yes,0,Graduate,No,2400.0,0.0,75.0,360.0,,Urban,Y,"$2,400.00"
43.0,LP001131,Male,Yes,0,Graduate,No,3941.0,2336.0,134.0,360.0,1.0,Semiurban,Y,"$6,277.00"
44.0,LP001136,Male,Yes,0,Not Graduate,Yes,4695.0,0.0,96.0,,1.0,Urban,Y,"$4,695.00"
45.0,LP001137,Female,No,0,Graduate,No,3410.0,0.0,88.0,,1.0,Urban,Y,"$3,410.00"
46.0,LP001138,Male,Yes,1,Graduate,No,5649.0,0.0,44.0,360.0,1.0,Urban,Y,"$5,649.00"
47.0,LP001144,Male,Yes,0,Graduate,No,5821.0,0.0,144.0,360.0,1.0,Urban,Y,"$5,821.00"
48.0,LP001146,Female,Yes,0,Graduate,No,2645.0,3440.0,120.0,360.0,0.0,Urban,N,"$6,085.00"
49.0,LP001151,Female,No,0,Graduate,No,4000.0,2275.0,144.0,360.0,1.0,Semiurban,Y,"$6,275.00"
50.0,LP001155,Female,Yes,0,Not Graduate,No,1928.0,1644.0,100.0,360.0,1.0,Semiurban,Y,"$3,572.00"
51.0,LP001157,Female,No,0,Graduate,No,3086.0,0.0,120.0,360.0,1.0,Semiurban,Y,"$3,086.00"
52.0,LP001164,Female,No,0,Graduate,No,4230.0,0.0,112.0,360.0,1.0,Semiurban,N,"$4,230.00"
53.0,LP001179,Male,Yes,2,Graduate,No,4616.0,0.0,134.0,360.0,1.0,Urban,N,"$4,616.00"
54.0,LP001186,Female,Yes,1,Graduate,Yes,11500.0,0.0,286.0,360.0,0.0,Urban,N,"$11,500.00"
55.0,LP001194,Male,Yes,2,Graduate,No,2708.0,1167.0,97.0,360.0,1.0,Semiurban,Y,"$3,875.00"
56.0,LP001195,Male,Yes,0,Graduate,No,2132.0,1591.0,96.0,360.0,1.0,Semiurban,Y,"$3,723.00"
57.0,LP001197,Male,Yes,0,Graduate,No,3366.0,2200.0,135.0,360.0,1.0,Rural,N,"$5,566.00"
58.0,LP001198,Male,Yes,1,Graduate,No,8080.0,2250.0,180.0,360.0,1.0,Urban,Y,"$10,330.00"
59.0,LP001199,Male,Yes,2,Not Graduate,No,3357.0,2859.0,144.0,360.0,1.0,Urban,Y,"$6,216.00"
60.0,LP001205,Male,Yes,0,Graduate,No,2500.0,3796.0,120.0,360.0,1.0,Urban,Y,"$6,296.00"
61.0,LP001206,Male,Yes,3+,Graduate,No,3029.0,0.0,99.0,360.0,1.0,Urban,Y,"$3,029.00"
62.0,LP001207,Male,Yes,0,Not Graduate,Yes,2609.0,3449.0,165.0,180.0,0.0,Rural,N,"$6,058.00"
63.0,LP001213,Male,Yes,1,Graduate,No,4945.0,0.0,,360.0,0.0,Rural,N,"$4,945.00"
64.0,LP001222,Female,No,0,Graduate,No,4166.0,0.0,116.0,360.0,0.0,Semiurban,N,"$4,166.00"
65.0,LP001225,Male,Yes,0,Graduate,No,5726.0,4595.0,258.0,360.0,1.0,Semiurban,N,"$10,321.00"
66.0,LP001228,Male,No,0,Not Graduate,No,3200.0,2254.0,126.0,180.0,0.0,Urban,N,"$5,454.00"
67.0,LP001233,Male,Yes,1,Graduate,No,10750.0,0.0,312.0,360.0,1.0,Urban,Y,"$10,750.00"
68.0,LP001238,Male,Yes,3+,Not Graduate,Yes,7100.0,0.0,125.0,60.0,1.0,Urban,Y,"$7,100.00"
69.0,LP001241,Female,No,0,Graduate,No,4300.0,0.0,136.0,360.0,0.0,Semiurban,N,"$4,300.00"
70.0,LP001243,Male,Yes,0,Graduate,No,3208.0,3066.0,172.0,360.0,1.0,Urban,Y,"$6,274.00"
71.0,LP001245,Male,Yes,2,Not Graduate,Yes,1875.0,1875.0,97.0,360.0,1.0,Semiurban,Y,"$3,750.00"
72.0,LP001248,Male,No,0,Graduate,No,3500.0,0.0,81.0,300.0,1.0,Semiurban,Y,"$3,500.00"
73.0,LP001250,Male,Yes,3+,Not Graduate,No,4755.0,0.0,95.0,,0.0,Semiurban,N,"$4,755.00"
74.0,LP001253,Male,Yes,3+,Graduate,Yes,5266.0,1774.0,187.0,360.0,1.0,Semiurban,Y,"$7,040.00"
75.0,LP001255,Male,No,0,Graduate,No,3750.0,0.0,113.0,480.0,1.0,Urban,N,"$3,750.00"
76.0,LP001256,Male,No,0,Graduate,No,3750.0,4750.0,176.0,360.0,1.0,Urban,N,"$8,500.00"
77.0,LP001259,Male,Yes,1,Graduate,Yes,1000.0,3022.0,110.0,360.0,1.0,Urban,N,"$4,022.00"
78.0,LP001263,Male,Yes,3+,Graduate,No,3167.0,4000.0,180.0,300.0,0.0,Semiurban,N,"$7,167.00"
79.0,LP001264,Male,Yes,3+,Not Graduate,Yes,3333.0,2166.0,130.0,360.0,,Semiurban,Y,"$5,499.00"
80.0,LP001265,Female,No,0,Graduate,No,3846.0,0.0,111.0,360.0,1.0,Semiurban,Y,"$3,846.00"
81.0,LP001266,Male,Yes,1,Graduate,Yes,2395.0,0.0,,360.0,1.0,Semiurban,Y,"$2,395.00"
82.0,LP001267,Female,Yes,2,Graduate,No,1378.0,1881.0,167.0,360.0,1.0,Urban,N,"$3,259.00"
83.0,LP001273,Male,Yes,0,Graduate,No,6000.0,2250.0,265.0,360.0,,Semiurban,N,"$8,250.00"
84.0,LP001275,Male,Yes,1,Graduate,No,3988.0,0.0,50.0,240.0,1.0,Urban,Y,"$3,988.00"
85.0,LP001279,Male,No,0,Graduate,No,2366.0,2531.0,136.0,360.0,1.0,Semiurban,Y,"$4,897.00"
86.0,LP001280,Male,Yes,2,Not Graduate,No,3333.0,2000.0,99.0,360.0,,Semiurban,Y,"$5,333.00"
87.0,LP001282,Male,Yes,0,Graduate,No,2500.0,2118.0,104.0,360.0,1.0,Semiurban,Y,"$4,618.00"
88.0,LP001289,Male,No,0,Graduate,No,8566.0,0.0,210.0,360.0,1.0,Urban,Y,"$8,566.00"
89.0,LP001310,Male,Yes,0,Graduate,No,5695.0,4167.0,175.0,360.0,1.0,Semiurban,Y,"$9,862.00"
90.0,LP001316,Male,Yes,0,Graduate,No,2958.0,2900.0,131.0,360.0,1.0,Semiurban,Y,"$5,858.00"
91.0,LP001318,Male,Yes,2,Graduate,No,6250.0,5654.0,188.0,180.0,1.0,Semiurban,Y,"$11,904.00"
92.0,LP001319,Male,Yes,2,Not Graduate,No,3273.0,1820.0,81.0,360.0,1.0,Urban,Y,"$5,093.00"
93.0,LP001322,Male,No,0,Graduate,No,4133.0,0.0,122.0,360.0,1.0,Semiurban,Y,"$4,133.00"
94.0,LP001325,Male,No,0,Not Graduate,No,3620.0,0.0,25.0,120.0,1.0,Semiurban,Y,"$3,620.00"
95.0,LP001326,Male,No,0,Graduate,,6782.0,0.0,,360.0,,Urban,N,"$6,782.00"
96.0,LP001327,Female,Yes,0,Graduate,No,2484.0,2302.0,137.0,360.0,1.0,Semiurban,Y,"$4,786.00"
97.0,LP001333,Male,Yes,0,Graduate,No,1977.0,997.0,50.0,360.0,1.0,Semiurban,Y,"$2,974.00"
98.0,LP001334,Male,Yes,0,Not Graduate,No,4188.0,0.0,115.0,180.0,1.0,Semiurban,Y,"$4,188.00"
99.0,LP001343,Male,Yes,0,Graduate,No,1759.0,3541.0,131.0,360.0,1.0,Semiurban,Y,"$5,300.00"
100.0,LP001345,Male,Yes,2,Not Graduate,No,4288.0,3263.0,133.0,180.0,1.0,Urban,Y,"$7,551.00"
101.0,LP001349,Male,No,0,Graduate,No,4843.0,3806.0,151.0,360.0,1.0,Semiurban,Y,"$8,649.00"
102.0,LP001350,Male,Yes,,Graduate,No,13650.0,0.0,,360.0,1.0,Urban,Y,"$13,650.00"
103.0,LP001356,Male,Yes,0,Graduate,No,4652.0,3583.0,,360.0,1.0,Semiurban,Y,"$8,235.00"
104.0,LP001357,Male,,,Graduate,No,3816.0,754.0,160.0,360.0,1.0,Urban,Y,"$4,570.00"
105.0,LP001367,Male,Yes,1,Graduate,No,3052.0,1030.0,100.0,360.0,1.0,Urban,Y,"$4,082.00"
106.0,LP001369,Male,Yes,2,Graduate,No,11417.0,1126.0,225.0,360.0,1.0,Urban,Y,"$12,543.00"
107.0,LP001370,Male,No,0,Not Graduate,,7333.0,0.0,120.0,360.0,1.0,Rural,N,"$7,333.00"
108.0,LP001379,Male,Yes,2,Graduate,No,3800.0,3600.0,216.0,360.0,0.0,Urban,N,"$7,400.00"
109.0,LP001384,Male,Yes,3+,Not Graduate,No,2071.0,754.0,94.0,480.0,1.0,Semiurban,Y,"$2,825.00"
110.0,LP001385,Male,No,0,Graduate,No,5316.0,0.0,136.0,360.0,1.0,Urban,Y,"$5,316.00"
111.0,LP001387,Female,Yes,0,Graduate,,2929.0,2333.0,139.0,360.0,1.0,Semiurban,Y,"$5,262.00"
112.0,LP001391,Male,Yes,0,Not Graduate,No,3572.0,4114.0,152.0,,0.0,Rural,N,"$7,686.00"
113.0,LP001392,Female,No,1,Graduate,Yes,7451.0,0.0,,360.0,1.0,Semiurban,Y,"$7,451.00"
114.0,LP001398,Male,No,0,Graduate,,5050.0,0.0,118.0,360.0,1.0,Semiurban,Y,"$5,050.00"
115.0,LP001401,Male,Yes,1,Graduate,No,14583.0,0.0,185.0,180.0,1.0,Rural,Y,"$14,583.00"
116.0,LP001404,Female,Yes,0,Graduate,No,3167.0,2283.0,154.0,360.0,1.0,Semiurban,Y,"$5,450.00"
117.0,LP001405,Male,Yes,1,Graduate,No,2214.0,1398.0,85.0,360.0,,Urban,Y,"$3,612.00"
118.0,LP001421,Male,Yes,0,Graduate,No,5568.0,2142.0,175.0,360.0,1.0,Rural,N,"$7,710.00"
119.0,LP001422,Female,No,0,Graduate,No,10408.0,0.0,259.0,360.0,1.0,Urban,Y,"$10,408.00"
120.0,LP001426,Male,Yes,,Graduate,No,5667.0,2667.0,180.0,360.0,1.0,Rural,Y,"$8,334.00"
121.0,LP001430,Female,No,0,Graduate,No,4166.0,0.0,44.0,360.0,1.0,Semiurban,Y,"$4,166.00"
122.0,LP001431,Female,No,0,Graduate,No,2137.0,8980.0,137.0,360.0,0.0,Semiurban,Y,"$11,117.00"
123.0,LP001432,Male,Yes,2,Graduate,No,2957.0,0.0,81.0,360.0,1.0,Semiurban,Y,"$2,957.00"
124.0,LP001439,Male,Yes,0,Not Graduate,No,4300.0,2014.0,194.0,360.0,1.0,Rural,Y,"$6,314.00"
125.0,LP001443,Female,No,0,Graduate,No,3692.0,0.0,93.0,360.0,,Rural,Y,"$3,692.00"
126.0,LP001448,,Yes,3+,Graduate,No,23803.0,0.0,370.0,360.0,1.0,Rural,Y,"$23,803.00"
127.0,LP001449,Male,No,0,Graduate,No,3865.0,1640.0,,360.0,1.0,Rural,Y,"$5,505.00"
128.0,LP001451,Male,Yes,1,Graduate,Yes,10513.0,3850.0,160.0,180.0,0.0,Urban,N,"$14,363.00"
129.0,LP001465,Male,Yes,0,Graduate,No,6080.0,2569.0,182.0,360.0,,Rural,N,"$8,649.00"
130.0,LP001469,Male,No,0,Graduate,Yes,20166.0,0.0,650.0,480.0,,Urban,Y,"$20,166.00"
131.0,LP001473,Male,No,0,Graduate,No,2014.0,1929.0,74.0,360.0,1.0,Urban,Y,"$3,943.00"
132.0,LP001478,Male,No,0,Graduate,No,2718.0,0.0,70.0,360.0,1.0,Semiurban,Y,"$2,718.00"
133.0,LP001482,Male,Yes,0,Graduate,Yes,3459.0,0.0,25.0,120.0,1.0,Semiurban,Y,"$3,459.00"
134.0,LP001487,Male,No,0,Graduate,No,4895.0,0.0,102.0,360.0,1.0,Semiurban,Y,"$4,895.00"
135.0,LP001488,Male,Yes,3+,Graduate,No,4000.0,7750.0,290.0,360.0,1.0,Semiurban,N,"$11,750.00"
136.0,LP001489,Female,Yes,0,Graduate,No,4583.0,0.0,84.0,360.0,1.0,Rural,N,"$4,583.00"
137.0,LP001491,Male,Yes,2,Graduate,Yes,3316.0,3500.0,88.0,360.0,1.0,Urban,Y,"$6,816.00"
138.0,LP001492,Male,No,0,Graduate,No,14999.0,0.0,242.0,360.0,0.0,Semiurban,N,"$14,999.00"
139.0,LP001493,Male,Yes,2,Not Graduate,No,4200.0,1430.0,129.0,360.0,1.0,Rural,N,"$5,630.00"
140.0,LP001497,Male,Yes,2,Graduate,No,5042.0,2083.0,185.0,360.0,1.0,Rural,N,"$7,125.00"
141.0,LP001498,Male,No,0,Graduate,No,5417.0,0.0,168.0,360.0,1.0,Urban,Y,"$5,417.00"
142.0,LP001504,Male,No,0,Graduate,Yes,6950.0,0.0,175.0,180.0,1.0,Semiurban,Y,"$6,950.00"
143.0,LP001507,Male,Yes,0,Graduate,No,2698.0,2034.0,122.0,360.0,1.0,Semiurban,Y,"$4,732.00"
144.0,LP001508,Male,Yes,2,Graduate,No,11757.0,0.0,187.0,180.0,1.0,Urban,Y,"$11,757.00"
145.0,LP001514,Female,Yes,0,Graduate,No,2330.0,4486.0,100.0,360.0,1.0,Semiurban,Y,"$6,816.00"
146.0,LP001516,Female,Yes,2,Graduate,No,14866.0,0.0,70.0,360.0,1.0,Urban,Y,"$14,866.00"
147.0,LP001518,Male,Yes,1,Graduate,No,1538.0,1425.0,30.0,360.0,1.0,Urban,Y,"$2,963.00"
148.0,LP001519,Female,No,0,Graduate,No,10000.0,1666.0,225.0,360.0,1.0,Rural,N,"$11,666.00"
149.0,LP001520,Male,Yes,0,Graduate,No,4860.0,830.0,125.0,360.0,1.0,Semiurban,Y,"$5,690.00"
150.0,LP001528,Male,No,0,Graduate,No,6277.0,0.0,118.0,360.0,0.0,Rural,N,"$6,277.00"
151.0,LP001529,Male,Yes,0,Graduate,Yes,2577.0,3750.0,152.0,360.0,1.0,Rural,Y,"$6,327.00"
152.0,LP001531,Male,No,0,Graduate,No,9166.0,0.0,244.0,360.0,1.0,Urban,N,"$9,166.00"
153.0,LP001532,Male,Yes,2,Not Graduate,No,2281.0,0.0,113.0,360.0,1.0,Rural,N,"$2,281.00"
154.0,LP001535,Male,No,0,Graduate,No,3254.0,0.0,50.0,360.0,1.0,Urban,Y,"$3,254.00"
155.0,LP001536,Male,Yes,3+,Graduate,No,39999.0,0.0,600.0,180.0,0.0,Semiurban,Y,"$39,999.00"
156.0,LP001541,Male,Yes,1,Graduate,No,6000.0,0.0,160.0,360.0,,Rural,Y,"$6,000.00"
157.0,LP001543,Male,Yes,1,Graduate,No,9538.0,0.0,187.0,360.0,1.0,Urban,Y,"$9,538.00"
158.0,LP001546,Male,No,0,Graduate,,2980.0,2083.0,120.0,360.0,1.0,Rural,Y,"$5,063.00"
159.0,LP001552,Male,Yes,0,Graduate,No,4583.0,5625.0,255.0,360.0,1.0,Semiurban,Y,"$10,208.00"
160.0,LP001560,Male,Yes,0,Not Graduate,No,1863.0,1041.0,98.0,360.0,1.0,Semiurban,Y,"$2,904.00"
161.0,LP001562,Male,Yes,0,Graduate,No,7933.0,0.0,275.0,360.0,1.0,Urban,N,"$7,933.00"
162.0,LP001565,Male,Yes,1,Graduate,No,3089.0,1280.0,121.0,360.0,0.0,Semiurban,N,"$4,369.00"
163.0,LP001570,Male,Yes,2,Graduate,No,4167.0,1447.0,158.0,360.0,1.0,Rural,Y,"$5,614.00"
164.0,LP001572,Male,Yes,0,Graduate,No,9323.0,0.0,75.0,180.0,1.0,Urban,Y,"$9,323.00"
165.0,LP001574,Male,Yes,0,Graduate,No,3707.0,3166.0,182.0,,1.0,Rural,Y,"$6,873.00"
166.0,LP001577,Female,Yes,0,Graduate,No,4583.0,0.0,112.0,360.0,1.0,Rural,N,"$4,583.00"
167.0,LP001578,Male,Yes,0,Graduate,No,2439.0,3333.0,129.0,360.0,1.0,Rural,Y,"$5,772.00"
168.0,LP001579,Male,No,0,Graduate,No,2237.0,0.0,63.0,480.0,0.0,Semiurban,N,"$2,237.00"
169.0,LP001580,Male,Yes,2,Graduate,No,8000.0,0.0,200.0,360.0,1.0,Semiurban,Y,"$8,000.00"
170.0,LP001581,Male,Yes,0,Not Graduate,,1820.0,1769.0,95.0,360.0,1.0,Rural,Y,"$3,589.00"
171.0,LP001585,,Yes,3+,Graduate,No,51763.0,0.0,700.0,300.0,1.0,Urban,Y,"$51,763.00"
172.0,LP001586,Male,Yes,3+,Not Graduate,No,3522.0,0.0,81.0,180.0,1.0,Rural,N,"$3,522.00"
173.0,LP001594,Male,Yes,0,Graduate,No,5708.0,5625.0,187.0,360.0,1.0,Semiurban,Y,"$11,333.00"
174.0,LP001603,Male,Yes,0,Not Graduate,Yes,4344.0,736.0,87.0,360.0,1.0,Semiurban,N,"$5,080.00"
175.0,LP001606,Male,Yes,0,Graduate,No,3497.0,1964.0,116.0,360.0,1.0,Rural,Y,"$5,461.00"
176.0,LP001608,Male,Yes,2,Graduate,No,2045.0,1619.0,101.0,360.0,1.0,Rural,Y,"$3,664.00"
177.0,LP001610,Male,Yes,3+,Graduate,No,5516.0,11300.0,495.0,360.0,0.0,Semiurban,N,"$16,816.00"
178.0,LP001616,Male,Yes,1,Graduate,No,3750.0,0.0,116.0,360.0,1.0,Semiurban,Y,"$3,750.00"
179.0,LP001630,Male,No,0,Not Graduate,No,2333.0,1451.0,102.0,480.0,0.0,Urban,N,"$3,784.00"
180.0,LP001633,Male,Yes,1,Graduate,No,6400.0,7250.0,180.0,360.0,0.0,Urban,N,"$13,650.00"
181.0,LP001634,Male,No,0,Graduate,No,1916.0,5063.0,67.0,360.0,,Rural,N,"$6,979.00"
182.0,LP001636,Male,Yes,0,Graduate,No,4600.0,0.0,73.0,180.0,1.0,Semiurban,Y,"$4,600.00"
183.0,LP001637,Male,Yes,1,Graduate,No,33846.0,0.0,260.0,360.0,1.0,Semiurban,N,"$33,846.00"
184.0,LP001639,Female,Yes,0,Graduate,No,3625.0,0.0,108.0,360.0,1.0,Semiurban,Y,"$3,625.00"
185.0,LP001640,Male,Yes,0,Graduate,Yes,39147.0,4750.0,120.0,360.0,1.0,Semiurban,Y,"$43,897.00"
186.0,LP001641,Male,Yes,1,Graduate,Yes,2178.0,0.0,66.0,300.0,0.0,Rural,N,"$2,178.00"
187.0,LP001643,Male,Yes,0,Graduate,No,2383.0,2138.0,58.0,360.0,,Rural,Y,"$4,521.00"
188.0,LP001644,,Yes,0,Graduate,Yes,674.0,5296.0,168.0,360.0,1.0,Rural,Y,"$5,970.00"
189.0,LP001647,Male,Yes,0,Graduate,No,9328.0,0.0,188.0,180.0,1.0,Rural,Y,"$9,328.00"
190.0,LP001653,Male,No,0,Not Graduate,No,4885.0,0.0,48.0,360.0,1.0,Rural,Y,"$4,885.00"
191.0,LP001656,Male,No,0,Graduate,No,12000.0,0.0,164.0,360.0,1.0,Semiurban,N,"$12,000.00"
192.0,LP001657,Male,Yes,0,Not Graduate,No,6033.0,0.0,160.0,360.0,1.0,Urban,N,"$6,033.00"
193.0,LP001658,Male,No,0,Graduate,No,3858.0,0.0,76.0,360.0,1.0,Semiurban,Y,"$3,858.00"
194.0,LP001664,Male,No,0,Graduate,No,4191.0,0.0,120.0,360.0,1.0,Rural,Y,"$4,191.00"
195.0,LP001665,Male,Yes,1,Graduate,No,3125.0,2583.0,170.0,360.0,1.0,Semiurban,N,"$5,708.00"
196.0,LP001666,Male,No,0,Graduate,No,8333.0,3750.0,187.0,360.0,1.0,Rural,Y,"$12,083.00"
197.0,LP001669,Female,No,0,Not Graduate,No,1907.0,2365.0,120.0,,1.0,Urban,Y,"$4,272.00"
198.0,LP001671,Female,Yes,0,Graduate,No,3416.0,2816.0,113.0,360.0,,Semiurban,Y,"$6,232.00"
199.0,LP001673,Male,No,0,Graduate,Yes,11000.0,0.0,83.0,360.0,1.0,Urban,N,"$11,000.00"
200.0,LP001674,Male,Yes,1,Not Graduate,No,2600.0,2500.0,90.0,360.0,1.0,Semiurban,Y,"$5,100.00"
201.0,LP001677,Male,No,2,Graduate,No,4923.0,0.0,166.0,360.0,0.0,Semiurban,Y,"$4,923.00"
202.0,LP001682,Male,Yes,3+,Not Graduate,No,3992.0,0.0,,180.0,1.0,Urban,N,"$3,992.00"
203.0,LP001688,Male,Yes,1,Not Graduate,No,3500.0,1083.0,135.0,360.0,1.0,Urban,Y,"$4,583.00"
204.0,LP001691,Male,Yes,2,Not Graduate,No,3917.0,0.0,124.0,360.0,1.0,Semiurban,Y,"$3,917.00"
205.0,LP001692,Female,No,0,Not Graduate,No,4408.0,0.0,120.0,360.0,1.0,Semiurban,Y,"$4,408.00"
206.0,LP001693,Female,No,0,Graduate,No,3244.0,0.0,80.0,360.0,1.0,Urban,Y,"$3,244.00"
207.0,LP001698,Male,No,0,Not Graduate,No,3975.0,2531.0,55.0,360.0,1.0,Rural,Y,"$6,506.00"
208.0,LP001699,Male,No,0,Graduate,No,2479.0,0.0,59.0,360.0,1.0,Urban,Y,"$2,479.00"
209.0,LP001702,Male,No,0,Graduate,No,3418.0,0.0,127.0,360.0,1.0,Semiurban,N,"$3,418.00"
210.0,LP001708,Female,No,0,Graduate,No,10000.0,0.0,214.0,360.0,1.0,Semiurban,N,"$10,000.00"
211.0,LP001711,Male,Yes,3+,Graduate,No,3430.0,1250.0,128.0,360.0,0.0,Semiurban,N,"$4,680.00"
212.0,LP001713,Male,Yes,1,Graduate,Yes,7787.0,0.0,240.0,360.0,1.0,Urban,Y,"$7,787.00"
213.0,LP001715,Male,Yes,3+,Not Graduate,Yes,5703.0,0.0,130.0,360.0,1.0,Rural,Y,"$5,703.00"
214.0,LP001716,Male,Yes,0,Graduate,No,3173.0,3021.0,137.0,360.0,1.0,Urban,Y,"$6,194.00"
215.0,LP001720,Male,Yes,3+,Not Graduate,No,3850.0,983.0,100.0,360.0,1.0,Semiurban,Y,"$4,833.00"
216.0,LP001722,Male,Yes,0,Graduate,No,150.0,1800.0,135.0,360.0,1.0,Rural,N,"$1,950.00"
217.0,LP001726,Male,Yes,0,Graduate,No,3727.0,1775.0,131.0,360.0,1.0,Semiurban,Y,"$5,502.00"
218.0,LP001732,Male,Yes,2,Graduate,,5000.0,0.0,72.0,360.0,0.0,Semiurban,N,"$5,000.00"
219.0,LP001734,Female,Yes,2,Graduate,No,4283.0,2383.0,127.0,360.0,,Semiurban,Y,"$6,666.00"
220.0,LP001736,Male,Yes,0,Graduate,No,2221.0,0.0,60.0,360.0,0.0,Urban,N,"$2,221.00"
221.0,LP001743,Male,Yes,2,Graduate,No,4009.0,1717.0,116.0,360.0,1.0,Semiurban,Y,"$5,726.00"
222.0,LP001744,Male,No,0,Graduate,No,2971.0,2791.0,144.0,360.0,1.0,Semiurban,Y,"$5,762.00"
223.0,LP001749,Male,Yes,0,Graduate,No,7578.0,1010.0,175.0,,1.0,Semiurban,Y,"$8,588.00"
224.0,LP001750,Male,Yes,0,Graduate,No,6250.0,0.0,128.0,360.0,1.0,Semiurban,Y,"$6,250.00"
225.0,LP001751,Male,Yes,0,Graduate,No,3250.0,0.0,170.0,360.0,1.0,Rural,N,"$3,250.00"
226.0,LP001754,Male,Yes,,Not Graduate,Yes,4735.0,0.0,138.0,360.0,1.0,Urban,N,"$4,735.00"
227.0,LP001758,Male,Yes,2,Graduate,No,6250.0,1695.0,210.0,360.0,1.0,Semiurban,Y,"$7,945.00"
228.0,LP001760,Male,,,Graduate,No,4758.0,0.0,158.0,480.0,1.0,Semiurban,Y,"$4,758.00"
229.0,LP001761,Male,No,0,Graduate,Yes,6400.0,0.0,200.0,360.0,1.0,Rural,Y,"$6,400.00"
230.0,LP001765,Male,Yes,1,Graduate,No,2491.0,2054.0,104.0,360.0,1.0,Semiurban,Y,"$4,545.00"
231.0,LP001768,Male,Yes,0,Graduate,,3716.0,0.0,42.0,180.0,1.0,Rural,Y,"$3,716.00"
232.0,LP001770,Male,No,0,Not Graduate,No,3189.0,2598.0,120.0,,1.0,Rural,Y,"$5,787.00"
233.0,LP001776,Female,No,0,Graduate,No,8333.0,0.0,280.0,360.0,1.0,Semiurban,Y,"$8,333.00"
234.0,LP001778,Male,Yes,1,Graduate,No,3155.0,1779.0,140.0,360.0,1.0,Semiurban,Y,"$4,934.00"
235.0,LP001784,Male,Yes,1,Graduate,No,5500.0,1260.0,170.0,360.0,1.0,Rural,Y,"$6,760.00"
236.0,LP001786,Male,Yes,0,Graduate,,5746.0,0.0,255.0,360.0,,Urban,N,"$5,746.00"
237.0,LP001788,Female,No,0,Graduate,Yes,3463.0,0.0,122.0,360.0,,Urban,Y,"$3,463.00"
238.0,LP001790,Female,No,1,Graduate,No,3812.0,0.0,112.0,360.0,1.0,Rural,Y,"$3,812.00"
239.0,LP001792,Male,Yes,1,Graduate,No,3315.0,0.0,96.0,360.0,1.0,Semiurban,Y,"$3,315.00"
240.0,LP001798,Male,Yes,2,Graduate,No,5819.0,5000.0,120.0,360.0,1.0,Rural,Y,"$10,819.00"
241.0,LP001800,Male,Yes,1,Not Graduate,No,2510.0,1983.0,140.0,180.0,1.0,Urban,N,"$4,493.00"
242.0,LP001806,Male,No,0,Graduate,No,2965.0,5701.0,155.0,60.0,1.0,Urban,Y,"$8,666.00"
243.0,LP001807,Male,Yes,2,Graduate,Yes,6250.0,1300.0,108.0,360.0,1.0,Rural,Y,"$7,550.00"
244.0,LP001811,Male,Yes,0,Not Graduate,No,3406.0,4417.0,123.0,360.0,1.0,Semiurban,Y,"$7,823.00"
245.0,LP001813,Male,No,0,Graduate,Yes,6050.0,4333.0,120.0,180.0,1.0,Urban,N,"$10,383.00"
246.0,LP001814,Male,Yes,2,Graduate,No,9703.0,0.0,112.0,360.0,1.0,Urban,Y,"$9,703.00"
247.0,LP001819,Male,Yes,1,Not Graduate,No,6608.0,0.0,137.0,180.0,1.0,Urban,Y,"$6,608.00"
248.0,LP001824,Male,Yes,1,Graduate,No,2882.0,1843.0,123.0,480.0,1.0,Semiurban,Y,"$4,725.00"
249.0,LP001825,Male,Yes,0,Graduate,No,1809.0,1868.0,90.0,360.0,1.0,Urban,Y,"$3,677.00"
250.0,LP001835,Male,Yes,0,Not Graduate,No,1668.0,3890.0,201.0,360.0,0.0,Semiurban,N,"$5,558.00"
251.0,LP001836,Female,No,2,Graduate,No,3427.0,0.0,138.0,360.0,1.0,Urban,N,"$3,427.00"
252.0,LP001841,Male,No,0,Not Graduate,Yes,2583.0,2167.0,104.0,360.0,1.0,Rural,Y,"$4,750.00"
253.0,LP001843,Male,Yes,1,Not Graduate,No,2661.0,7101.0,279.0,180.0,1.0,Semiurban,Y,"$9,762.00"
254.0,LP001844,Male,No,0,Graduate,Yes,16250.0,0.0,192.0,360.0,0.0,Urban,N,"$16,250.00"
255.0,LP001846,Female,No,3+,Graduate,No,3083.0,0.0,255.0,360.0,1.0,Rural,Y,"$3,083.00"
256.0,LP001849,Male,No,0,Not Graduate,No,6045.0,0.0,115.0,360.0,0.0,Rural,N,"$6,045.00"
257.0,LP001854,Male,Yes,3+,Graduate,No,5250.0,0.0,94.0,360.0,1.0,Urban,N,"$5,250.00"
258.0,LP001859,Male,Yes,0,Graduate,No,14683.0,2100.0,304.0,360.0,1.0,Rural,N,"$16,783.00"
259.0,LP001864,Male,Yes,3+,Not Graduate,No,4931.0,0.0,128.0,360.0,,Semiurban,N,"$4,931.00"
260.0,LP001865,Male,Yes,1,Graduate,No,6083.0,4250.0,330.0,360.0,,Urban,Y,"$10,333.00"
261.0,LP001868,Male,No,0,Graduate,No,2060.0,2209.0,134.0,360.0,1.0,Semiurban,Y,"$4,269.00"
262.0,LP001870,Female,No,1,Graduate,No,3481.0,0.0,155.0,36.0,1.0,Semiurban,N,"$3,481.00"
263.0,LP001871,Female,No,0,Graduate,No,7200.0,0.0,120.0,360.0,1.0,Rural,Y,"$7,200.00"
264.0,LP001872,Male,No,0,Graduate,Yes,5166.0,0.0,128.0,360.0,1.0,Semiurban,Y,"$5,166.00"
265.0,LP001875,Male,No,0,Graduate,No,4095.0,3447.0,151.0,360.0,1.0,Rural,Y,"$7,542.00"
266.0,LP001877,Male,Yes,2,Graduate,No,4708.0,1387.0,150.0,360.0,1.0,Semiurban,Y,"$6,095.00"
267.0,LP001882,Male,Yes,3+,Graduate,No,4333.0,1811.0,160.0,360.0,0.0,Urban,Y,"$6,144.00"
268.0,LP001883,Female,No,0,Graduate,,3418.0,0.0,135.0,360.0,1.0,Rural,N,"$3,418.00"
269.0,LP001884,Female,No,1,Graduate,No,2876.0,1560.0,90.0,360.0,1.0,Urban,Y,"$4,436.00"
270.0,LP001888,Female,No,0,Graduate,No,3237.0,0.0,30.0,360.0,1.0,Urban,Y,"$3,237.00"
271.0,LP001891,Male,Yes,0,Graduate,No,11146.0,0.0,136.0,360.0,1.0,Urban,Y,"$11,146.00"
272.0,LP001892,Male,No,0,Graduate,No,2833.0,1857.0,126.0,360.0,1.0,Rural,Y,"$4,690.00"
273.0,LP001894,Male,Yes,0,Graduate,No,2620.0,2223.0,150.0,360.0,1.0,Semiurban,Y,"$4,843.00"
274.0,LP001896,Male,Yes,2,Graduate,No,3900.0,0.0,90.0,360.0,1.0,Semiurban,Y,"$3,900.00"
275.0,LP001900,Male,Yes,1,Graduate,No,2750.0,1842.0,115.0,360.0,1.0,Semiurban,Y,"$4,592.00"
276.0,LP001903,Male,Yes,0,Graduate,No,3993.0,3274.0,207.0,360.0,1.0,Semiurban,Y,"$7,267.00"
277.0,LP001904,Male,Yes,0,Graduate,No,3103.0,1300.0,80.0,360.0,1.0,Urban,Y,"$4,403.00"
278.0,LP001907,Male,Yes,0,Graduate,No,14583.0,0.0,436.0,360.0,1.0,Semiurban,Y,"$14,583.00"
279.0,LP001908,Female,Yes,0,Not Graduate,No,4100.0,0.0,124.0,360.0,,Rural,Y,"$4,100.00"
280.0,LP001910,Male,No,1,Not Graduate,Yes,4053.0,2426.0,158.0,360.0,0.0,Urban,N,"$6,479.00"
281.0,LP001914,Male,Yes,0,Graduate,No,3927.0,800.0,112.0,360.0,1.0,Semiurban,Y,"$4,727.00"
282.0,LP001915,Male,Yes,2,Graduate,No,2301.0,985.7999878,78.0,180.0,1.0,Urban,Y,"$3,286.80"
283.0,LP001917,Female,No,0,Graduate,No,1811.0,1666.0,54.0,360.0,1.0,Urban,Y,"$3,477.00"
284.0,LP001922,Male,Yes,0,Graduate,No,20667.0,0.0,,360.0,1.0,Rural,N,"$20,667.00"
285.0,LP001924,Male,No,0,Graduate,No,3158.0,3053.0,89.0,360.0,1.0,Rural,Y,"$6,211.00"
286.0,LP001925,Female,No,0,Graduate,Yes,2600.0,1717.0,99.0,300.0,1.0,Semiurban,N,"$4,317.00"
287.0,LP001926,Male,Yes,0,Graduate,No,3704.0,2000.0,120.0,360.0,1.0,Rural,Y,"$5,704.00"
288.0,LP001931,Female,No,0,Graduate,No,4124.0,0.0,115.0,360.0,1.0,Semiurban,Y,"$4,124.00"
289.0,LP001935,Male,No,0,Graduate,No,9508.0,0.0,187.0,360.0,1.0,Rural,Y,"$9,508.00"
290.0,LP001936,Male,Yes,0,Graduate,No,3075.0,2416.0,139.0,360.0,1.0,Rural,Y,"$5,491.00"
291.0,LP001938,Male,Yes,2,Graduate,No,4400.0,0.0,127.0,360.0,0.0,Semiurban,N,"$4,400.00"
292.0,LP001940,Male,Yes,2,Graduate,No,3153.0,1560.0,134.0,360.0,1.0,Urban,Y,"$4,713.00"
293.0,LP001945,Female,No,,Graduate,No,5417.0,0.0,143.0,480.0,0.0,Urban,N,"$5,417.00"
294.0,LP001947,Male,Yes,0,Graduate,No,2383.0,3334.0,172.0,360.0,1.0,Semiurban,Y,"$5,717.00"
295.0,LP001949,Male,Yes,3+,Graduate,,4416.0,1250.0,110.0,360.0,1.0,Urban,Y,"$5,666.00"
296.0,LP001953,Male,Yes,1,Graduate,No,6875.0,0.0,200.0,360.0,1.0,Semiurban,Y,"$6,875.00"
297.0,LP001954,Female,Yes,1,Graduate,No,4666.0,0.0,135.0,360.0,1.0,Urban,Y,"$4,666.00"
298.0,LP001955,Female,No,0,Graduate,No,5000.0,2541.0,151.0,480.0,1.0,Rural,N,"$7,541.00"
299.0,LP001963,Male,Yes,1,Graduate,No,2014.0,2925.0,113.0,360.0,1.0,Urban,N,"$4,939.00"
300.0,LP001964,Male,Yes,0,Not Graduate,No,1800.0,2934.0,93.0,360.0,0.0,Urban,N,"$4,734.00"
301.0,LP001972,Male,Yes,,Not Graduate,No,2875.0,1750.0,105.0,360.0,1.0,Semiurban,Y,"$4,625.00"
302.0,LP001974,Female,No,0,Graduate,No,5000.0,0.0,132.0,360.0,1.0,Rural,Y,"$5,000.00"
303.0,LP001977,Male,Yes,1,Graduate,No,1625.0,1803.0,96.0,360.0,1.0,Urban,Y,"$3,428.00"
304.0,LP001978,Male,No,0,Graduate,No,4000.0,2500.0,140.0,360.0,1.0,Rural,Y,"$6,500.00"
305.0,LP001990,Male,No,0,Not Graduate,No,2000.0,0.0,,360.0,1.0,Urban,N,"$2,000.00"
306.0,LP001993,Female,No,0,Graduate,No,3762.0,1666.0,135.0,360.0,1.0,Rural,Y,"$5,428.00"
307.0,LP001994,Female,No,0,Graduate,No,2400.0,1863.0,104.0,360.0,0.0,Urban,N,"$4,263.00"
308.0,LP001996,Male,No,0,Graduate,No,20233.0,0.0,480.0,360.0,1.0,Rural,N,"$20,233.00"
309.0,LP001998,Male,Yes,2,Not Graduate,No,7667.0,0.0,185.0,360.0,,Rural,Y,"$7,667.00"
310.0,LP002002,Female,No,0,Graduate,No,2917.0,0.0,84.0,360.0,1.0,Semiurban,Y,"$2,917.00"
311.0,LP002004,Male,No,0,Not Graduate,No,2927.0,2405.0,111.0,360.0,1.0,Semiurban,Y,"$5,332.00"
312.0,LP002006,Female,No,0,Graduate,No,2507.0,0.0,56.0,360.0,1.0,Rural,Y,"$2,507.00"
313.0,LP002008,Male,Yes,2,Graduate,Yes,5746.0,0.0,144.0,84.0,,Rural,Y,"$5,746.00"
314.0,LP002024,,Yes,0,Graduate,No,2473.0,1843.0,159.0,360.0,1.0,Rural,N,"$4,316.00"
315.0,LP002031,Male,Yes,1,Not Graduate,No,3399.0,1640.0,111.0,180.0,1.0,Urban,Y,"$5,039.00"
316.0,LP002035,Male,Yes,2,Graduate,No,3717.0,0.0,120.0,360.0,1.0,Semiurban,Y,"$3,717.00"
317.0,LP002036,Male,Yes,0,Graduate,No,2058.0,2134.0,88.0,360.0,,Urban,Y,"$4,192.00"
318.0,LP002043,Female,No,1,Graduate,No,3541.0,0.0,112.0,360.0,,Semiurban,Y,"$3,541.00"
319.0,LP002050,Male,Yes,1,Graduate,Yes,10000.0,0.0,155.0,360.0,1.0,Rural,N,"$10,000.00"
320.0,LP002051,Male,Yes,0,Graduate,No,2400.0,2167.0,115.0,360.0,1.0,Semiurban,Y,"$4,567.00"
321.0,LP002053,Male,Yes,3+,Graduate,No,4342.0,189.0,124.0,360.0,1.0,Semiurban,Y,"$4,531.00"
322.0,LP002054,Male,Yes,2,Not Graduate,No,3601.0,1590.0,,360.0,1.0,Rural,Y,"$5,191.00"
323.0,LP002055,Female,No,0,Graduate,No,3166.0,2985.0,132.0,360.0,,Rural,Y,"$6,151.00"
324.0,LP002065,Male,Yes,3+,Graduate,No,15000.0,0.0,300.0,360.0,1.0,Rural,Y,"$15,000.00"
325.0,LP002067,Male,Yes,1,Graduate,Yes,8666.0,4983.0,376.0,360.0,0.0,Rural,N,"$13,649.00"
326.0,LP002068,Male,No,0,Graduate,No,4917.0,0.0,130.0,360.0,0.0,Rural,Y,"$4,917.00"
327.0,LP002082,Male,Yes,0,Graduate,Yes,5818.0,2160.0,184.0,360.0,1.0,Semiurban,Y,"$7,978.00"
328.0,LP002086,Female,Yes,0,Graduate,No,4333.0,2451.0,110.0,360.0,1.0,Urban,N,"$6,784.00"
329.0,LP002087,Female,No,0,Graduate,No,2500.0,0.0,67.0,360.0,1.0,Urban,Y,"$2,500.00"
330.0,LP002097,Male,No,1,Graduate,No,4384.0,1793.0,117.0,360.0,1.0,Urban,Y,"$6,177.00"
331.0,LP002098,Male,No,0,Graduate,No,2935.0,0.0,98.0,360.0,1.0,Semiurban,Y,"$2,935.00"
332.0,LP002100,Male,No,,Graduate,No,2833.0,0.0,71.0,360.0,1.0,Urban,Y,"$2,833.00"
333.0,LP002101,Male,Yes,0,Graduate,,63337.0,0.0,490.0,180.0,1.0,Urban,Y,"$63,337.00"
334.0,LP002103,,Yes,1,Graduate,Yes,9833.0,1833.0,182.0,180.0,1.0,Urban,Y,"$11,666.00"
335.0,LP002106,Male,Yes,,Graduate,Yes,5503.0,4490.0,70.0,,1.0,Semiurban,Y,"$9,993.00"
336.0,LP002110,Male,Yes,1,Graduate,,5250.0,688.0,160.0,360.0,1.0,Rural,Y,"$5,938.00"
337.0,LP002112,Male,Yes,2,Graduate,Yes,2500.0,4600.0,176.0,360.0,1.0,Rural,Y,"$7,100.00"
338.0,LP002113,Female,No,3+,Not Graduate,No,1830.0,0.0,,360.0,0.0,Urban,N,"$1,830.00"
339.0,LP002114,Female,No,0,Graduate,No,4160.0,0.0,71.0,360.0,1.0,Semiurban,Y,"$4,160.00"
340.0,LP002115,Male,Yes,3+,Not Graduate,No,2647.0,1587.0,173.0,360.0,1.0,Rural,N,"$4,234.00"
341.0,LP002116,Female,No,0,Graduate,No,2378.0,0.0,46.0,360.0,1.0,Rural,N,"$2,378.00"
342.0,LP002119,Male,Yes,1,Not Graduate,No,4554.0,1229.0,158.0,360.0,1.0,Urban,Y,"$5,783.00"
343.0,LP002126,Male,Yes,3+,Not Graduate,No,3173.0,0.0,74.0,360.0,1.0,Semiurban,Y,"$3,173.00"
344.0,LP002128,Male,Yes,2,Graduate,,2583.0,2330.0,125.0,360.0,1.0,Rural,Y,"$4,913.00"
345.0,LP002129,Male,Yes,0,Graduate,No,2499.0,2458.0,160.0,360.0,1.0,Semiurban,Y,"$4,957.00"
346.0,LP002130,Male,Yes,,Not Graduate,No,3523.0,3230.0,152.0,360.0,0.0,Rural,N,"$6,753.00"
347.0,LP002131,Male,Yes,2,Not Graduate,No,3083.0,2168.0,126.0,360.0,1.0,Urban,Y,"$5,251.00"
348.0,LP002137,Male,Yes,0,Graduate,No,6333.0,4583.0,259.0,360.0,,Semiurban,Y,"$10,916.00"
349.0,LP002138,Male,Yes,0,Graduate,No,2625.0,6250.0,187.0,360.0,1.0,Rural,Y,"$8,875.00"
350.0,LP002139,Male,Yes,0,Graduate,No,9083.0,0.0,228.0,360.0,1.0,Semiurban,Y,"$9,083.00"
351.0,LP002140,Male,No,0,Graduate,No,8750.0,4167.0,308.0,360.0,1.0,Rural,N,"$12,917.00"
352.0,LP002141,Male,Yes,3+,Graduate,No,2666.0,2083.0,95.0,360.0,1.0,Rural,Y,"$4,749.00"
353.0,LP002142,Female,Yes,0,Graduate,Yes,5500.0,0.0,105.0,360.0,0.0,Rural,N,"$5,500.00"
354.0,LP002143,Female,Yes,0,Graduate,No,2423.0,505.0,130.0,360.0,1.0,Semiurban,Y,"$2,928.00"
355.0,LP002144,Female,No,,Graduate,No,3813.0,0.0,116.0,180.0,1.0,Urban,Y,"$3,813.00"
356.0,LP002149,Male,Yes,2,Graduate,No,8333.0,3167.0,165.0,360.0,1.0,Rural,Y,"$11,500.00"
357.0,LP002151,Male,Yes,1,Graduate,No,3875.0,0.0,67.0,360.0,1.0,Urban,N,"$3,875.00"
358.0,LP002158,Male,Yes,0,Not Graduate,No,3000.0,1666.0,100.0,480.0,0.0,Urban,N,"$4,666.00"
359.0,LP002160,Male,Yes,3+,Graduate,No,5167.0,3167.0,200.0,360.0,1.0,Semiurban,Y,"$8,334.00"
360.0,LP002161,Female,No,1,Graduate,No,4723.0,0.0,81.0,360.0,1.0,Semiurban,N,"$4,723.00"
361.0,LP002170,Male,Yes,2,Graduate,No,5000.0,3667.0,236.0,360.0,1.0,Semiurban,Y,"$8,667.00"
362.0,LP002175,Male,Yes,0,Graduate,No,4750.0,2333.0,130.0,360.0,1.0,Urban,Y,"$7,083.00"
363.0,LP002178,Male,Yes,0,Graduate,No,3013.0,3033.0,95.0,300.0,,Urban,Y,"$6,046.00"
364.0,LP002180,Male,No,0,Graduate,Yes,6822.0,0.0,141.0,360.0,1.0,Rural,Y,"$6,822.00"
365.0,LP002181,Male,No,0,Not Graduate,No,6216.0,0.0,133.0,360.0,1.0,Rural,N,"$6,216.00"
366.0,LP002187,Male,No,0,Graduate,No,2500.0,0.0,96.0,480.0,1.0,Semiurban,N,"$2,500.00"
367.0,LP002188,Male,No,0,Graduate,No,5124.0,0.0,124.0,,0.0,Rural,N,"$5,124.00"
368.0,LP002190,Male,Yes,1,Graduate,No,6325.0,0.0,175.0,360.0,1.0,Semiurban,Y,"$6,325.00"
369.0,LP002191,Male,Yes,0,Graduate,No,19730.0,5266.0,570.0,360.0,1.0,Rural,N,"$24,996.00"
370.0,LP002194,Female,No,0,Graduate,Yes,15759.0,0.0,55.0,360.0,1.0,Semiurban,Y,"$15,759.00"
371.0,LP002197,Male,Yes,2,Graduate,No,5185.0,0.0,155.0,360.0,1.0,Semiurban,Y,"$5,185.00"
372.0,LP002201,Male,Yes,2,Graduate,Yes,9323.0,7873.0,380.0,300.0,1.0,Rural,Y,"$17,196.00"
373.0,LP002205,Male,No,1,Graduate,No,3062.0,1987.0,111.0,180.0,0.0,Urban,N,"$5,049.00"
374.0,LP002209,Female,No,0,Graduate,,2764.0,1459.0,110.0,360.0,1.0,Urban,Y,"$4,223.00"
375.0,LP002211,Male,Yes,0,Graduate,No,4817.0,923.0,120.0,180.0,1.0,Urban,Y,"$5,740.00"
376.0,LP002219,Male,Yes,3+,Graduate,No,8750.0,4996.0,130.0,360.0,1.0,Rural,Y,"$13,746.00"
377.0,LP002223,Male,Yes,0,Graduate,No,4310.0,0.0,130.0,360.0,,Semiurban,Y,"$4,310.00"
378.0,LP002224,Male,No,0,Graduate,No,3069.0,0.0,71.0,480.0,1.0,Urban,N,"$3,069.00"
379.0,LP002225,Male,Yes,2,Graduate,No,5391.0,0.0,130.0,360.0,1.0,Urban,Y,"$5,391.00"
380.0,LP002226,Male,Yes,0,Graduate,,3333.0,2500.0,128.0,360.0,1.0,Semiurban,Y,"$5,833.00"
381.0,LP002229,Male,No,0,Graduate,No,5941.0,4232.0,296.0,360.0,1.0,Semiurban,Y,"$10,173.00"
382.0,LP002231,Female,No,0,Graduate,No,6000.0,0.0,156.0,360.0,1.0,Urban,Y,"$6,000.00"
383.0,LP002234,Male,No,0,Graduate,Yes,7167.0,0.0,128.0,360.0,1.0,Urban,Y,"$7,167.00"
384.0,LP002236,Male,Yes,2,Graduate,No,4566.0,0.0,100.0,360.0,1.0,Urban,N,"$4,566.00"
385.0,LP002237,Male,No,1,Graduate,,3667.0,0.0,113.0,180.0,1.0,Urban,Y,"$3,667.00"
386.0,LP002239,Male,No,0,Not Graduate,No,2346.0,1600.0,132.0,360.0,1.0,Semiurban,Y,"$3,946.00"
387.0,LP002243,Male,Yes,0,Not Graduate,No,3010.0,3136.0,,360.0,0.0,Urban,N,"$6,146.00"
388.0,LP002244,Male,Yes,0,Graduate,No,2333.0,2417.0,136.0,360.0,1.0,Urban,Y,"$4,750.00"
389.0,LP002250,Male,Yes,0,Graduate,No,5488.0,0.0,125.0,360.0,1.0,Rural,Y,"$5,488.00"
390.0,LP002255,Male,No,3+,Graduate,No,9167.0,0.0,185.0,360.0,1.0,Rural,Y,"$9,167.00"
391.0,LP002262,Male,Yes,3+,Graduate,No,9504.0,0.0,275.0,360.0,1.0,Rural,Y,"$9,504.00"
392.0,LP002263,Male,Yes,0,Graduate,No,2583.0,2115.0,120.0,360.0,,Urban,Y,"$4,698.00"
393.0,LP002265,Male,Yes,2,Not Graduate,No,1993.0,1625.0,113.0,180.0,1.0,Semiurban,Y,"$3,618.00"
394.0,LP002266,Male,Yes,2,Graduate,No,3100.0,1400.0,113.0,360.0,1.0,Urban,Y,"$4,500.00"
395.0,LP002272,Male,Yes,2,Graduate,No,3276.0,484.0,135.0,360.0,,Semiurban,Y,"$3,760.00"
396.0,LP002277,Female,No,0,Graduate,No,3180.0,0.0,71.0,360.0,0.0,Urban,N,"$3,180.00"
397.0,LP002281,Male,Yes,0,Graduate,No,3033.0,1459.0,95.0,360.0,1.0,Urban,Y,"$4,492.00"
398.0,LP002284,Male,No,0,Not Graduate,No,3902.0,1666.0,109.0,360.0,1.0,Rural,Y,"$5,568.00"
399.0,LP002287,Female,No,0,Graduate,No,1500.0,1800.0,103.0,360.0,0.0,Semiurban,N,"$3,300.00"
400.0,LP002288,Male,Yes,2,Not Graduate,No,2889.0,0.0,45.0,180.0,0.0,Urban,N,"$2,889.00"
401.0,LP002296,Male,No,0,Not Graduate,No,2755.0,0.0,65.0,300.0,1.0,Rural,N,"$2,755.00"
402.0,LP002297,Male,No,0,Graduate,No,2500.0,20000.0,103.0,360.0,1.0,Semiurban,Y,"$22,500.00"
403.0,LP002300,Female,No,0,Not Graduate,No,1963.0,0.0,53.0,360.0,1.0,Semiurban,Y,"$1,963.00"
404.0,LP002301,Female,No,0,Graduate,Yes,7441.0,0.0,194.0,360.0,1.0,Rural,N,"$7,441.00"
405.0,LP002305,Female,No,0,Graduate,No,4547.0,0.0,115.0,360.0,1.0,Semiurban,Y,"$4,547.00"
406.0,LP002308,Male,Yes,0,Not Graduate,No,2167.0,2400.0,115.0,360.0,1.0,Urban,Y,"$4,567.00"
407.0,LP002314,Female,No,0,Not Graduate,No,2213.0,0.0,66.0,360.0,1.0,Rural,Y,"$2,213.00"
408.0,LP002315,Male,Yes,1,Graduate,No,8300.0,0.0,152.0,300.0,0.0,Semiurban,N,"$8,300.00"
409.0,LP002317,Male,Yes,3+,Graduate,No,81000.0,0.0,360.0,360.0,0.0,Rural,N,"$81,000.00"
410.0,LP002318,Female,No,1,Not Graduate,Yes,3867.0,0.0,62.0,360.0,1.0,Semiurban,N,"$3,867.00"
411.0,LP002319,Male,Yes,0,Graduate,,6256.0,0.0,160.0,360.0,,Urban,Y,"$6,256.00"
412.0,LP002328,Male,Yes,0,Not Graduate,No,6096.0,0.0,218.0,360.0,0.0,Rural,N,"$6,096.00"
413.0,LP002332,Male,Yes,0,Not Graduate,No,2253.0,2033.0,110.0,360.0,1.0,Rural,Y,"$4,286.00"
414.0,LP002335,Female,Yes,0,Not Graduate,No,2149.0,3237.0,178.0,360.0,0.0,Semiurban,N,"$5,386.00"
415.0,LP002337,Female,No,0,Graduate,No,2995.0,0.0,60.0,360.0,1.0,Urban,Y,"$2,995.00"
416.0,LP002341,Female,No,1,Graduate,No,2600.0,0.0,160.0,360.0,1.0,Urban,N,"$2,600.00"
417.0,LP002342,Male,Yes,2,Graduate,Yes,1600.0,20000.0,239.0,360.0,1.0,Urban,N,"$21,600.00"
418.0,LP002345,Male,Yes,0,Graduate,No,1025.0,2773.0,112.0,360.0,1.0,Rural,Y,"$3,798.00"
419.0,LP002347,Male,Yes,0,Graduate,No,3246.0,1417.0,138.0,360.0,1.0,Semiurban,Y,"$4,663.00"
420.0,LP002348,Male,Yes,0,Graduate,No,5829.0,0.0,138.0,360.0,1.0,Rural,Y,"$5,829.00"
421.0,LP002357,Female,No,0,Not Graduate,No,2720.0,0.0,80.0,,0.0,Urban,N,"$2,720.00"
422.0,LP002361,Male,Yes,0,Graduate,No,1820.0,1719.0,100.0,360.0,1.0,Urban,Y,"$3,539.00"
423.0,LP002362,Male,Yes,1,Graduate,No,7250.0,1667.0,110.0,,0.0,Urban,N,"$8,917.00"
424.0,LP002364,Male,Yes,0,Graduate,No,14880.0,0.0,96.0,360.0,1.0,Semiurban,Y,"$14,880.00"
425.0,LP002366,Male,Yes,0,Graduate,No,2666.0,4300.0,121.0,360.0,1.0,Rural,Y,"$6,966.00"
426.0,LP002367,Female,No,1,Not Graduate,No,4606.0,0.0,81.0,360.0,1.0,Rural,N,"$4,606.00"
427.0,LP002368,Male,Yes,2,Graduate,No,5935.0,0.0,133.0,360.0,1.0,Semiurban,Y,"$5,935.00"
428.0,LP002369,Male,Yes,0,Graduate,No,2920.0,16.12000084,87.0,360.0,1.0,Rural,Y,"$2,936.12"
429.0,LP002370,Male,No,0,Not Graduate,No,2717.0,0.0,60.0,180.0,1.0,Urban,Y,"$2,717.00"
430.0,LP002377,Female,No,1,Graduate,Yes,8624.0,0.0,150.0,360.0,1.0,Semiurban,Y,"$8,624.00"
431.0,LP002379,Male,No,0,Graduate,No,6500.0,0.0,105.0,360.0,0.0,Rural,N,"$6,500.00"
432.0,LP002386,Male,No,0,Graduate,,12876.0,0.0,405.0,360.0,1.0,Semiurban,Y,"$12,876.00"
433.0,LP002387,Male,Yes,0,Graduate,No,2425.0,2340.0,143.0,360.0,1.0,Semiurban,Y,"$4,765.00"
434.0,LP002390,Male,No,0,Graduate,No,3750.0,0.0,100.0,360.0,1.0,Urban,Y,"$3,750.00"
435.0,LP002393,Female,,,Graduate,No,10047.0,0.0,,240.0,1.0,Semiurban,Y,"$10,047.00"
436.0,LP002398,Male,No,0,Graduate,No,1926.0,1851.0,50.0,360.0,1.0,Semiurban,Y,"$3,777.00"
437.0,LP002401,Male,Yes,0,Graduate,No,2213.0,1125.0,,360.0,1.0,Urban,Y,"$3,338.00"
438.0,LP002403,Male,No,0,Graduate,Yes,10416.0,0.0,187.0,360.0,0.0,Urban,N,"$10,416.00"
439.0,LP002407,Female,Yes,0,Not Graduate,Yes,7142.0,0.0,138.0,360.0,1.0,Rural,Y,"$7,142.00"
440.0,LP002408,Male,No,0,Graduate,No,3660.0,5064.0,187.0,360.0,1.0,Semiurban,Y,"$8,724.00"
441.0,LP002409,Male,Yes,0,Graduate,No,7901.0,1833.0,180.0,360.0,1.0,Rural,Y,"$9,734.00"
442.0,LP002418,Male,No,3+,Not Graduate,No,4707.0,1993.0,148.0,360.0,1.0,Semiurban,Y,"$6,700.00"
443.0,LP002422,Male,No,1,Graduate,No,37719.0,0.0,152.0,360.0,1.0,Semiurban,Y,"$37,719.00"
444.0,LP002424,Male,Yes,0,Graduate,No,7333.0,8333.0,175.0,300.0,,Rural,Y,"$15,666.00"
445.0,LP002429,Male,Yes,1,Graduate,Yes,3466.0,1210.0,130.0,360.0,1.0,Rural,Y,"$4,676.00"
446.0,LP002434,Male,Yes,2,Not Graduate,No,4652.0,0.0,110.0,360.0,1.0,Rural,Y,"$4,652.00"
447.0,LP002435,Male,Yes,0,Graduate,,3539.0,1376.0,55.0,360.0,1.0,Rural,N,"$4,915.00"
448.0,LP002443,Male,Yes,2,Graduate,No,3340.0,1710.0,150.0,360.0,0.0,Rural,N,"$5,050.00"
449.0,LP002444,Male,No,1,Not Graduate,Yes,2769.0,1542.0,190.0,360.0,,Semiurban,N,"$4,311.00"
450.0,LP002446,Male,Yes,2,Not Graduate,No,2309.0,1255.0,125.0,360.0,0.0,Rural,N,"$3,564.00"
451.0,LP002447,Male,Yes,2,Not Graduate,No,1958.0,1456.0,60.0,300.0,,Urban,Y,"$3,414.00"
452.0,LP002448,Male,Yes,0,Graduate,No,3948.0,1733.0,149.0,360.0,0.0,Rural,N,"$5,681.00"
453.0,LP002449,Male,Yes,0,Graduate,No,2483.0,2466.0,90.0,180.0,0.0,Rural,Y,"$4,949.00"
454.0,LP002453,Male,No,0,Graduate,Yes,7085.0,0.0,84.0,360.0,1.0,Semiurban,Y,"$7,085.00"
455.0,LP002455,Male,Yes,2,Graduate,No,3859.0,0.0,96.0,360.0,1.0,Semiurban,Y,"$3,859.00"
456.0,LP002459,Male,Yes,0,Graduate,No,4301.0,0.0,118.0,360.0,1.0,Urban,Y,"$4,301.00"
457.0,LP002467,Male,Yes,0,Graduate,No,3708.0,2569.0,173.0,360.0,1.0,Urban,N,"$6,277.00"
458.0,LP002472,Male,No,2,Graduate,No,4354.0,0.0,136.0,360.0,1.0,Rural,Y,"$4,354.00"
459.0,LP002473,Male,Yes,0,Graduate,No,8334.0,0.0,160.0,360.0,1.0,Semiurban,N,"$8,334.00"
460.0,LP002478,,Yes,0,Graduate,Yes,2083.0,4083.0,160.0,360.0,,Semiurban,Y,"$6,166.00"
461.0,LP002484,Male,Yes,3+,Graduate,No,7740.0,0.0,128.0,180.0,1.0,Urban,Y,"$7,740.00"
462.0,LP002487,Male,Yes,0,Graduate,No,3015.0,2188.0,153.0,360.0,1.0,Rural,Y,"$5,203.00"
463.0,LP002489,Female,No,1,Not Graduate,,5191.0,0.0,132.0,360.0,1.0,Semiurban,Y,"$5,191.00"
464.0,LP002493,Male,No,0,Graduate,No,4166.0,0.0,98.0,360.0,0.0,Semiurban,N,"$4,166.00"
465.0,LP002494,Male,No,0,Graduate,No,6000.0,0.0,140.0,360.0,1.0,Rural,Y,"$6,000.00"
466.0,LP002500,Male,Yes,3+,Not Graduate,No,2947.0,1664.0,70.0,180.0,0.0,Urban,N,"$4,611.00"
467.0,LP002501,,Yes,0,Graduate,No,16692.0,0.0,110.0,360.0,1.0,Semiurban,Y,"$16,692.00"
468.0,LP002502,Female,Yes,2,Not Graduate,,210.0,2917.0,98.0,360.0,1.0,Semiurban,Y,"$3,127.00"
469.0,LP002505,Male,Yes,0,Graduate,No,4333.0,2451.0,110.0,360.0,1.0,Urban,N,"$6,784.00"
470.0,LP002515,Male,Yes,1,Graduate,Yes,3450.0,2079.0,162.0,360.0,1.0,Semiurban,Y,"$5,529.00"
471.0,LP002517,Male,Yes,1,Not Graduate,No,2653.0,1500.0,113.0,180.0,0.0,Rural,N,"$4,153.00"
472.0,LP002519,Male,Yes,3+,Graduate,No,4691.0,0.0,100.0,360.0,1.0,Semiurban,Y,"$4,691.00"
473.0,LP002522,Female,No,0,Graduate,Yes,2500.0,0.0,93.0,360.0,,Urban,Y,"$2,500.00"
474.0,LP002524,Male,No,2,Graduate,No,5532.0,4648.0,162.0,360.0,1.0,Rural,Y,"$10,180.00"
475.0,LP002527,Male,Yes,2,Graduate,Yes,16525.0,1014.0,150.0,360.0,1.0,Rural,Y,"$17,539.00"
476.0,LP002529,Male,Yes,2,Graduate,No,6700.0,1750.0,230.0,300.0,1.0,Semiurban,Y,"$8,450.00"
477.0,LP002530,,Yes,2,Graduate,No,2873.0,1872.0,132.0,360.0,0.0,Semiurban,N,"$4,745.00"
478.0,LP002531,Male,Yes,1,Graduate,Yes,16667.0,2250.0,86.0,360.0,1.0,Semiurban,Y,"$18,917.00"
479.0,LP002533,Male,Yes,2,Graduate,No,2947.0,1603.0,,360.0,1.0,Urban,N,"$4,550.00"
480.0,LP002534,Female,No,0,Not Graduate,No,4350.0,0.0,154.0,360.0,1.0,Rural,Y,"$4,350.00"
481.0,LP002536,Male,Yes,3+,Not Graduate,No,3095.0,0.0,113.0,360.0,1.0,Rural,Y,"$3,095.00"
482.0,LP002537,Male,Yes,0,Graduate,No,2083.0,3150.0,128.0,360.0,1.0,Semiurban,Y,"$5,233.00"
483.0,LP002541,Male,Yes,0,Graduate,No,10833.0,0.0,234.0,360.0,1.0,Semiurban,Y,"$10,833.00"
484.0,LP002543,Male,Yes,2,Graduate,No,8333.0,0.0,246.0,360.0,1.0,Semiurban,Y,"$8,333.00"
485.0,LP002544,Male,Yes,1,Not Graduate,No,1958.0,2436.0,131.0,360.0,1.0,Rural,Y,"$4,394.00"
486.0,LP002545,Male,No,2,Graduate,No,3547.0,0.0,80.0,360.0,0.0,Rural,N,"$3,547.00"
487.0,LP002547,Male,Yes,1,Graduate,No,18333.0,0.0,500.0,360.0,1.0,Urban,N,"$18,333.00"
488.0,LP002555,Male,Yes,2,Graduate,Yes,4583.0,2083.0,160.0,360.0,1.0,Semiurban,Y,"$6,666.00"
489.0,LP002556,Male,No,0,Graduate,No,2435.0,0.0,75.0,360.0,1.0,Urban,N,"$2,435.00"
490.0,LP002560,Male,No,0,Not Graduate,No,2699.0,2785.0,96.0,360.0,,Semiurban,Y,"$5,484.00"
491.0,LP002562,Male,Yes,1,Not Graduate,No,5333.0,1131.0,186.0,360.0,,Urban,Y,"$6,464.00"
492.0,LP002571,Male,No,0,Not Graduate,No,3691.0,0.0,110.0,360.0,1.0,Rural,Y,"$3,691.00"
493.0,LP002582,Female,No,0,Not Graduate,Yes,17263.0,0.0,225.0,360.0,1.0,Semiurban,Y,"$17,263.00"
494.0,LP002585,Male,Yes,0,Graduate,No,3597.0,2157.0,119.0,360.0,0.0,Rural,N,"$5,754.00"
495.0,LP002586,Female,Yes,1,Graduate,No,3326.0,913.0,105.0,84.0,1.0,Semiurban,Y,"$4,239.00"
496.0,LP002587,Male,Yes,0,Not Graduate,No,2600.0,1700.0,107.0,360.0,1.0,Rural,Y,"$4,300.00"
497.0,LP002588,Male,Yes,0,Graduate,No,4625.0,2857.0,111.0,12.0,,Urban,Y,"$7,482.00"
498.0,LP002600,Male,Yes,1,Graduate,Yes,2895.0,0.0,95.0,360.0,1.0,Semiurban,Y,"$2,895.00"
499.0,LP002602,Male,No,0,Graduate,No,6283.0,4416.0,209.0,360.0,0.0,Rural,N,"$10,699.00"
,,Male,Yes,0,Graduate,Yes,,,,12.0,1.0,Urban,,0
